content,sentiment,
@tiffanylue i know  i was listenin to bad habit earlier and i started freakin at his part =[,empty,
Layin n bed with a headache  ughhhh...waitin on your call...,sadness,
Funeral ceremony...gloomy friday...,sadness,
wants to hang out with friends SOON!,enthusiasm,
@dannycastillo We want to trade with someone who has Houston tickets  but no one will.,neutral,
Re-pinging @ghostridah14: why didnt you go to prom? BC my bf didnt like my friends,worry,
I should be sleep  but im not! thinking about an old friend who I want. but hes married now. damn  &amp he wants me 2! scandalous!,sadness,
Hmmm. http://www.djhero.com/ is down,worry,
@charviray Charlene my love. I miss you,sadness,
@kelcouch Im sorry  at least its Friday?,sadness,
cant fall asleep,neutral,
Choked on her retainers,worry,
Ugh! I have to beat this stupid song to get to the next  rude!,sadness,
@BrodyJenner if u watch the hills in london u will realise what tourture it is because were weeks and weeks late  i just watch itonlinelol,sadness,
Got the news,surprise,
The storm is here and the electricity is gone,sadness,
@annarosekerr agreed,love,
So sleepy again and its not even that late. I fail once again.,sadness,
@PerezHilton lady gaga tweeted about not being impressed by her video leaking just so you know,worry,
How are YOU convinced that I have always wanted you? What signals did I give off...damn I think I just lost another friend,sadness,
@raaaaaaek oh too bad! I hope it gets better. Ive been having sleep issues lately too,worry,
Wondering why Im awake at 7am writing a new song plotting my evil secret plots muahahaha...oh damn it not secret anymore,fun,
No Topic Maps talks at the Balisage Markup Conference 2009   Program online at http://tr.im/mL6Z (via @bobdc) #topicmaps,neutral,
I ate Something I dont know what it is... Why do I keep Telling things about food,worry,
so tired and i think im definitely going to get an ear infection.  going to bed &quotearly&quot for once.,sadness,
On my way home n having 2 deal w underage girls drinking gin on da bus while talking bout keggers......damn i feel old,worry,
@IsaacMascote  im sorry people are so rude to you  isaac  they should get some manners and know better than to be so lewd!,sadness,
Damm servers still down  i need to hit 80 before all the koxpers pass me,worry,
Fudge.... Just BSd that whole paper.... So tired.... Ugh I hate school.....  time to sleep!!!!!!!!!!!,sadness,
I HATE CANCER. I HATE IT I HATE IT I HATE IT.,worry,
It is so annoying when she starts typing on her computer in the middle of the night!,hate,
@cynthia_123 i cant sleep,neutral,
I missed the bl***y bus!!!!!!!!,neutral,
feels strong contractions but wants to go out.  http://plurk.com/p/wxidk,neutral,
SoCal!  stoked. or maybe not.. tomorrow,neutral,
Screw you @davidbrussee! I only have 3 weeks...,neutral,
@ether_radio yeah :S i feel all funny cause i havent slept enough  i woke my mum up cause i was singing shes not impressed :S you?,sadness,
I need skott right now,worry,
has work this afternoon,neutral,
@GABBYiSACTiVE Aw you would not unfollow me would you? Then I would cry,neutral,
mmm much better day... so far! its still quite early. last day of #uds,happiness,
@DavidArchie &lt3 your gonna be the first  twitter ) cause your amazing lol. come to canada  would do anything to see you perform,fun,
just picked up her Blackberry from the middle of the street! Both she and it are crushed!,worry,
Why do I have the feeling I should be packing and hitting for SFO around this time of the year? I think Im missing something...,worry,
@creyes middle school and elem. High schools will remain open for those who need credits to graduate. Cali is broken,empty,
Bed!!!!!... its time ..... hope i go to school tomorrow  all though i dont feel very well right now,worry,
@onscrn Ahh.  ... Well  I was hoping that I could learn some stuff on the way. ... Why not you and I work on separate things but also,worry,
Im having a problem with my photo here in twitter amf!!!...cant see my face!,sadness,
@jakeboyd  oh noooo!  if i blow a tire youre reaaaally going to have to send up some batman smoke.,neutral,
wnna take a bath!!!!,neutral,
Chocolate milk is so much better through a straw. I lack said straw,neutral,
why am i so tired?,worry,
@djmicdamn hey yu lil fucker i textd yu,empty,
@Mennard time diff and ive just been wrapped up in day to day stuff so i havent been tweeting. talk soon must sleep...up in 6hrs,neutral,
@benballer  no way! damn that sucks B!  are you ok?,neutral,
sucks not being able to take days off of work or have the money to take the trip  so sad,worry,
bed...sorta. today was good  sara has strep thought Angelina does to i shared a water with her B4 they told me  i will prob get it to,enthusiasm,
@ramtops the recession. her hotel are restructuring how the accounts are done. adds a bit more pressure in the short term but well cope,neutral,
@lostluna But I got dibs on Sulu...,neutral,
@maternitytees Aww  Onward and upwards now  yay! Still sad to leave I bet.,sadness,
@itsgabbith at once haha.  poor aby still gets sore!,worry,
diesel yaris... 70mpg  so sad its not available in the US. Thatd be awesome.,sadness,
I want to buy this great album but unfortunately i dont hav enuff funds  its &quotlong time noisy&quot,sadness,
@Pokinatcha  in all honesty...pain   blech.,sadness,
Ok ... the passengers ... no one is alive ... theyre all dead ... you just dont know it til the end ... then you cry ...,sadness,
At home alone with not much to do,neutral,
@DavidCookLove ia so much! i havent really been happy with any of cooks choices for singles.,worry,
@vincew @stefanyngo  i fell asleep on the beach and didnt put on enough sunscreen  lol,sadness,
So i think my son might have the flu cause I def. just cleaned up a stanky puke mess  Poor pumkpin,worry,
So great to see Oin &amp Cynthia.  So happy.  Dinner was great  cute little place.  Too bad Oin got sick afterwards.,happiness,
I cant give @jertronic any bday nudges.,neutral,
...and all woman who transfer their first impressions (sexual/maternal) onto a less threatening man -- are themselves as weak as Him,worry,
Brothers Bloom wont be opening this weekend in El Paso.  Ill just buy Brick and enjoy that until I can watch Brothers Bloom.,neutral,
says I miss plurking.  http://plurk.com/p/wxion,neutral,
Bitten to blood by my cat  on my way for a rabies bacterin. Seems 7 shots for 2 months. Never wash my cats at home again  they hate water,worry,
I miss Voobys!,neutral,
@Dancing_Monk Neither are ELP!!,neutral,
@havingmysay  dude  that is my favorite sandwich place ever. ummm did you take PICTURES?,happiness,
is sad that shin ae got married...and it wasnt to alex,worry,
@shondarhimes Sure you will tweet about this when youre back  but news is abuzz about TR Knights leaving &quotconfirmed&quot today.  Muy triste.,worry,
@RachelLock22 ohh thursday i have exams.. all day  what about wednesday ?,sadness,
there was a mix up with my dentist appt this afternoon. so they rescheduled me for tomorrow @ 9am.,neutral,
@gcrush @nopantsdance i was just thinking about how excited i am for you guys to move  but then i realized how sad i am to see you go.,sadness,
goooood mooorning people... sun is out.. definitly spring now  we had our first spring hail storm  my car has dimples now..,worry,
@artfuldodga I love those itsakey USB sticks. We only have the 4GB in Australia,sadness,
fresh prince and sleepy sleeps my nightly routine  gotta go to Dmv early tmrw,worry,
dammit! hulu desktop has totally screwed up my ability to talk to a particular port on one of our dev servers. so i cant watch and code,hate,
@emmarler i am jealous of your mom talking to @taylorswift13. i want to see you all our twittering is making me miss you,worry,
I cant sleep...I keep thinking about the puppy I played with today,worry,
.. Im suppposed to be sleep. But i got some much to do. &amp i got that one part of the song stuck in my head &quotyour a jerk (iknow)&quot  blaahh,worry,
@lepetitagneau whats going on sweetheart?,neutral,
How can it be so freaking difficult to get a system-wide spellchecker? Shit  Id settle for an office suite one. Stupid unhelpful Windows,neutral,
Last one month due to summer  strawberry is not availble in the Chennai markets!,worry,
@willxxmobb work at 6am. Gotta go to bed soon,neutral,
@RobertF3 correct! I ADORE him. I just plucked him up and put him under my arm cuz he was cryin.  All better now! Hahaha,love,
@sweeetnspicy hiii im on my ipod...i cant fall asleep,sadness,
dont wanna work 11-830 tomorrow  but i get paid,sadness,
feels sad coz i wasnt able to play with the guys!!!  http://plurk.com/p/wxiux,sadness,
PrinceCharming,neutral,
@ cayogial i wanted to come to BZ this summer :/ not so sure anymore... a teachers life in the summer SUCKS,hate,
First ever dropped call on my mobile. On a call to @Telstra no less! ( being charged for data even though I have a data pack  ),worry,
@mrgenius23 You win ... SIGH Rakeem,hate,
Oh is that time for real?,neutral,
Darn these allergies! I dont like this time of year because of this! I never used to have this problem either,sadness,
Oh no one minute too late! Oh well,worry,
@soviet_star Damn  that sucks,hate,
@cayogial i wanted to come to BZ this summer :/ not so sure anymore... a teachers life in the summer SUCKS,sadness,
@mileycyrus THIS WEBSITE GAVE ME A VIRUS! When i opened it more windows kept POPPING up,hate,
ahh! big scary bug flying around my room!!!!!,worry,
I wish she knew what she puts me through..She stole my heart  never gave it back..and occasionally she likes to be like look what I have!,sadness,
is up with a nasty cough i cant be sick i have a huge weekend ahead of me,worry,
@justamedicine  That was stone cold   Crazy....  ?,neutral,
im so tired,boredom,
shift time  bbye biochem waaaaahhhhhh!! http://plurk.com/p/wxizo,neutral,
@melbournegirl Im sure some1 will cum out and play. Im workin through til midnight.,neutral,
@thecreativeone I second that. I wish it rained more where I am,neutral,
@neesabear early happy day of birth in case I dont make it! Very tired from therapy today n just taking my medicine!  misshu! Love ya!,sadness,
damn it were is Eric or anyone else when you need your hair to be played with,neutral,
Im feel deflated. Ugh. No more dog.,neutral,
Allergies suck ducks nuts.     &lt=====8@8=====&gt,sadness,
Well it almost was a good day... Guess I just retry tomorrow,neutral,
@IamYeTe Waraku is tasteless and expensive! Portion is so little!!!!!  re: waraku,hate,
@freepbx sounds good. Appreciate the suggestion. Been a week now and were still offline  Time to ask for a refund...,love,
@poinktoinkdoink He died.  Wait  what about Magic Jack? I just read it.,worry,
@britblackbird  youstinkatrespondingtotexts!,hate,
wonders why her Karma points turned into 0.00.  http://plurk.com/p/wxj54,sadness,
Need to pack for CALI CALI! Cannot waittt! Thinking a glass of wine is in order to celebrate my weekend vaca. Still work 2morrow  tho.,happiness,
Is miserable  i feel like im gona cry  sux!,sadness,
@megturney well I ran out of beer so I left. Not sure about the ETA. Waiting waiting waiting. Bleh  Gonna be a long nite methinks.,neutral,
$#@! My nose stud fell out and I cant find it  Looks like Ill have to head into Amsterdam today and get a new one,worry,
claire @breakfastnt love the show  got into the office @ 5am and no radio,neutral,
Pats in philly at 2 am. I love it. Mmm cheesesteak.  Miss my boyfriend   but I love vacation.,love,
*sigh* Im going to bed... I just dont feel right anymore...,sadness,
What? I focused on Tom so much I didnt see my beloved Barack! Oh no! I must vote for both! Poor president only has 626 votes.,neutral,
@jwillock EpiCentre Wheelock Place - tourists only..,neutral,
Now I am depressed after watching so you think you can dance,sadness,
Just cross cause Im stuck twiddling my thumbs now  ugh,sadness,
miss 16th,neutral,
@TheHarvardian I know. But like I said  I have no idea how long it takes for them to investigate this stuff.,neutral,
I cant sleep  but im too sore to move,worry,
@LaFloozita http://twitpic.com/4phze - Awe! I miss my baby,neutral,
@softtouchme just answered you- never learned how to write in French- just basic stuff-,empty,
what is it with chocolates? i just can never say no,neutral,
Achieving a new appreciation on how a xml build script can really be painful and cumbersome,worry,
@ether_radio im too awake now  ill have a nap this afternoon,neutral,
@omfgiselle i cant do anything,worry,
still needs another 6 hours of sleep,neutral,
Im at work,relief,
RIP leonardo. You were a great mini fiddler crab,fun,
Morning tweeple way to early again,neutral,
Last day working for the Uni today  sad times,sadness,
@NisforNeemah thanks neemah. Im gonna be soooo close to you and izzy  yet so far,love,
My head hurts so bad I could scream!,worry,
i just go up and IM SO TIRED and my airmatras is broken somewhere and now im in even more pain,worry,
New work wellness challenge not going well.  I committed to not check email between 10 pm and 6 am.  Failed on first day.  Twice,worry,
New blog post: [Blog] auto insuran...: I just found that my auto insurance policy had been expired. ( I am too careless  ...) .. Meanw ...,worry,
where are all ma bestfriends at ?   MIA or wat ?,neutral,
oh men!!!!!!......I really cant see my face........cmon guys!!!,worry,
Im showing my age. Renewed my tags last week  went down $20. Got my insurance renewal email today  went down $100. I dont wanna be old,worry,
my sole supporter is not my sole supporter,worry,
dont you hate it when you finish all your work and theres still 1.25 hours left of work time,hate,
@Emilyyy16 urgh stop it guys,worry,
is still missing her husband.    I really want him home.,sadness,
I miss my puppy,sadness,
2 days of this month left  and I only have 400MB left on my onpeak downloads.,surprise,
@IdleThumbs Up is out?  I didnt get the memo   It looks amazing.,fun,
@nzdeany Ive given up on pizza - kids would never let me have my fav  (the hot ones),sadness,
Up reading tabloids about other peoples lives...thinking what Im gonna do with mine when my baby leaves?,worry,
@BarbSchaefer yearling in pet home died... very sad for their whole family,sadness,
fun in the sun hmmm hell no its cold,neutral,
I got a giant splinter stuck up underneath my finger nail today at Muppets...it hurt.  But I got to go to First Aid for the first time!,worry,
@heresmyhello92 We hate change  so of course. Were fans for life. &lt3 Oh and if we havent met Rob by then something went horribly wrong.,sadness,
is feeling sad... for some reason..  http://plurk.com/p/wxji3,worry,
well fuck- this new pain med has an odd warning that actually applies to me. i cant take this. -chan is displeased.,sadness,
just uploaded my new blog... a painful story about an 80s year old man who cried because he wanted to die... very sad,sadness,
@juneyee i dont think so.  I WANT DETAILS.,neutral,
@jackgraycnn Hi...!!! Who is Mary Poppins???,neutral,
@jaychuck Its so addicting  but its kind of a curse to do them at night time. Everytime i do one  i feel like making music afterwards,worry,
my last tweet didnt send  bad phone,neutral,
@relly1  OMG Ur alive!!! LOL  2day has gone sooo slow  Im going insane Grrr You doing anything tonight?,fun,
Have a headache  Im going to bed. Goodnight!,empty,
@taxidermi  I was watching Parental Control,neutral,
@JessiJaeJoplin did you get them from california vintage? ahahah they have the BEST dresses  i want them but i dont have ebay,fun,
I just saw pics from this past Thanksgiving and am sad because Grandma was in them.,sadness,
@jertronic it wont let me,worry,
Took a shift tomorrow.    I dont really feel like working right now.,sadness,
but now i have no money for a phone,sadness,
Spent last night in A&ampE (ER). Wife tangled wheels with Daughter &amp hit the deck. Dislocation &amp fracture resulted.,worry,
@TheLastDoctor 9 days  Im about ready to visit Torchwood and see if theyve heard anything,worry,
@Bern_morley where are you? In Bris? I cant hear any thunder,surprise,
bec vs fat food   --- winner = fat food  but not this weeknend  ill beat it!,surprise,
Too bad the Red Devils.. disappointing to say the least,sadness,
I had a dream about a pretty pretty beach and there was no beach when I woke up,surprise,
@xdjio Have a 3ware 9650SE  not fast enough for 3x X25-M SSD RAID5. 800Mhz IOP on the HPT. Might try an Adaptec 5405 (1.2Ghz).,sadness,
when da heck will the garage man get here I ask you.. WHEN..,surprise,
Ate Mandy  please forgive me. I really am sorry. I dont wanna lose my Bff,worry,
@melluffsyew Umm yeah. Thats probably a pretty good note to self because eeeeeewwwwwwww.,hate,
why are plane tickets so expensive,worry,
(@wendyisastar) @melluffsyew Umm yeah. Thats probably a pretty good note to self because eeeeeewwwwwwww.,fun,
Needs a job BADLY!!!,worry,
@AlexanderGWhite daaammmnnnnn I do wish I was there.,sadness,
Went to Di Bella coffee roasters today and asked for a job...   The person I needed to speak to is on holiday...  #fb,worry,
@yuki_hime I played up until the latter parts of the voodoo village part co-op until I lost my usual partner,sadness,
@DymeDiva23 Nite. Now Im up n bored as opposed to almost sleep frm b 4,empty,
is a bad friend,sadness,
@rlcpbiatch happy birthdayyy! hope you have an awesome day. didnt see you at next last night!,neutral,
@SparkDawgMusic im doing that shit right now ... im on vacation and you got me workin,hate,
@aiderushton ill be over in an oir,neutral,
@only1kcj guess its a no go girlie. Im still at the gym and work at 6:30am,neutral,
would wish the severe migrains would stop!!! docs prescriptions arent working,hate,
@bobbyedner i missed the game,love,
@moggy99 No internet last night ER was brill  there was a massive explosion at the end of a nearby gas works ER on standby,sadness,
@tiffalo cuz airlines are super lame.,hate,
@lenje - Still a pity it comes with no lamb though,sadness,
@bloomsday16  Im sorry to hear that. Here is my optimist: Things will get better. For all of us.,sadness,
is done painting all the bedroom furniture  I still have to do the table but it will wait until after the move. Uggh moving in the heat,relief,
Im so very tired...and have insomnia.,hate,
@juiceegapeach A hungry fool. Ill probably never see that Krispy Kreme again. Had to enjoy it. They closing down,neutral,
@yelgiuQnayR airport? and you didnt show up tonight homo!,neutral,
I hate Bakersfield and I hate the Ports  let me go home already.  I want to start my vacation.,hate,
@MrRathbone what about me,neutral,
Looking for desktop twitter app that will actually let you access URLs  any suggestions? I liked Twittle but no linking,neutral,
people in my house do not know how to close doors,worry,
Why am I completing facebook quizzes at this time of the morning... especially a friday morning,surprise,
out with @lizzziemonster &amp @jamiejamess i am soooo hungry,neutral,
@munchkinhugs I dont like the possibility of the left side of my brain hurting because of the thing called a VP shunt and possible death,worry,
Had to cancel wow for now,sadness,
wants to make a music profile but i dont have money i dont know how to write music i dont know how to play an instrument and no studio,worry,
@fairyfroggie But yeah...Im sad about my &quotRavenclaw&quot account. I love that account to bits.,sadness,
Its 1:15 AM  and I hear a helicopter flying over my house. Thats kind of weird. In other news  my headache is back. BOOOOO.,worry,
@__sugar oh no  i am always here ) &lt3,worry,
back from school. Ms Suhanas last day as our FT  OCU was okay. Im playing ALTNOY over and over again.,neutral,
@ poll : was trying to get it to work in a powerpoint to no avail.,neutral,
took a math test today. The day before the test  the teacher says bring your calculator. Luke was confident. Teacher decided no calcs.,happiness,
omg  the concert was awesome  madrigals gave me chills on almost every piece...brooks also called up alumni  but i didnt get to go,happiness,
@livestrongnj yeah  its terrible  cockatoos are the hardest to live with  so emotional. good thing he found you  though!!,neutral,
Up late with nothin 2 do.....,sadness,
i think the vog is making me sicker than i think. feeling slightly achy,worry,
@TheTombert i was watching Harpers Island  lol... there was no vodka involved,empty,
i am doing homework it sux big time maths is the worst!!!!!!,worry,
@Nymo would have been better  IMO  if it let you play through all 3 songs provided. I just start to &quotget it&quot and it blacks out.,neutral,
#3wordsaftersex it never started...,neutral,
sometimes i wish things could go back to the way they were the beginning of last summer,sadness,
I downloaded the new twitterfon update thinking they were fixing the typing problem for new tweets  but no  they didnt,worry,
@tarng Trudys off Burnet...the one up north that no one goes to,empty,
@kateisbored I feel the same way  but I guess no matter where you are there will always be memes.,sadness,
I Can`t do 30 minutes of Treadmill  but done 30 minutes for today already  gonna do 20 minutes more,happiness,
im sooooooooooooo confused,worry,
With friends like VaikO Nedumaran  LTTE didnt need enemies. Wrong advice at wrong time led to numerous deaths &amp a lost cause as well,neutral,
Work day 7 of 7 ,worry,
Chillin with the roomies. Cant wait for the zombie CLWN CR. Its gonna be 6-8 weeks,happiness,
I looove guitars  and playing them. I think they sound magnificent. If only i was better... If only,neutral,
@SuperJerry No refunds but they do retrieve accounts  takes like a week. Just hoping the thief doesnt use hacks or then its permaban,worry,
@mysticnz no im not  cries LOL,neutral,
Cute Malay girl came to seemy room for rent - sadly think it was for her guyfreind   bit misleading and disappointing LOL,sadness,
@Gurlstrange EpiCentre Wheelock Place  250 units &amp for tourists only. Starting today,surprise,
I hate the new mt dew commercial..the one with a giant mosquito..it scares me and grosses me out all at the same time.,hate,
Come on Knight... Its been well over 4 hours,neutral,
not super keen on the drive home through the rain.. additional concentration required that i dont really wanna deal with,worry,
@FoxxFiles aw u cant let me in on the secret!,surprise,
@freshypanda Im sorry  I dont think I stick out  at least compared to what I used to look like.,surprise,
no transport for church  wont be making it  im crushed. Oh well  more time for assignments I suppose. My throat really hurts ...,worry,
i HATE when i see pregnant women smokinggg!!!! its sooo irresponsible n selfish! its saaad. ultimately  the baby is the one who suffers.,hate,
Lies...lies...lies....you just cant avoid to lie about practically...EVERYTHING!,hate,
twittascope is NOT rocking my socks - go away already!!,neutral,
Driving Back home because I forgot the piece of cake for @v_era,neutral,
@seemouserun so I tried jumping without the trampoline and its like thud* thud*  shouldnt have eaten that cookie.  http://myloc.me/1XIz,worry,
Everytime I send an email to my coach  I feel a need to practice.   shitty balls.  Lol,sadness,
Its pissing me off and not letting me follow ericka,sadness,
Is going to sleep not peaceful  wanted to hear him say Good Night but that didnt happen  Good Night everyone....,sadness,
my mums trying to make me feel ebtter about stopping voting adn not winning shortstack. i almost cried.,sadness,
@koifusionpdx i was so close to the tacos...one spot too late,neutral,
@msz_rockstar umm how bout em?..aint get 2 see da game  but i see dey survived anotha game of da series due to notin but Lebron im guessin,empty,
is thinking so much and im at work,surprise,
I have forgot the live with the Jonas Brothers on Facebook,worry,
I havent seen Muffin in two whole days!,sadness,
@YumiFujii ill miss yall back... give @LesleyBoudy my regards...,sadness,
my gap year is going so quick,surprise,
I have to admit  Im a bit bummed out that I wasnt with my friends walking today....,worry,
@jennyvokals girl a blunt is soooooooo in my thoughts right now. I had an absolutly GREAT day with a few stressors...come home,neutral,
my twitter has been hacked again,worry,
Just found mj mouse flats at DJs. Of course there are none left in my size,sadness,
@passingcarss i wont have time to buy  and i need a new binder pa,neutral,
@lanacaitlin  hahaha well its try its so ugly,hate,
25-man Ulduar is hard...,neutral,
@jmoriarty I dont even want to know WHY you know about VHEMT  but dont go - wed miss you,worry,
@OooChelcyooO Thats awesome! We have that this weekend too but I cant go because Im moving this Sat.  I should be a lot of fun though,fun,
night night twitter world. [still cant believe the thomas thing  tomorrows gunna be FUN/SAD],neutral,
@princess_oats this is happening to me too,neutral,
@qi_tah oh no.  *hugs*,surprise,
@oxygen8705 bored now because i was talking to someone but now theyre busy with something else  just kinda a bummer  idk,neutral,
@xoshayzers i knoww  things wont be the samee &lt/3,sadness,
OMG-ness its 11:18 pm and I need to beup early to set up my garage sale it starts a 8am  wish I said 9am. Im beat.,worry,
@vinylvickxen i kno i doooo!!!!!!!!!! yall partyin with out me,happiness,
Okay  so twitter suddenly changed  how do I respond to messages now,worry,
ugh.. my dad just told me to read an article about Kavya Shivashankar the spellin bee girl..and be more like her.,neutral,
Decided that no matter how good my hair looks curly it doesnt justify the burn I get from the curler! My hands covered  I suck at it!,worry,
Going to sleep. Gonna fall asleep playing apps again. Tmrw is going to suck,sadness,
@ThaBillCollecta  YEA     I GOTTA BE UP AT 7:30,neutral,
I hate when my bf beats da dogs. But I guess that the only way to teach these pitts.,hate,
sprained my ankle  like really badly and tore some stuffs. it hurts! and its my birthday weekend,worry,
I cant believe the Metal Gear Solid song was stolen    Im so disappointed  http://bit.ly/YKkSu,sadness,
think i may have broke a toe at the bar tonight......thanks drunk girl for steppin all over me!!!!!,hate,
Not one sale done today at work. Explored balconies in the big theater w coworkers. A fun day  but void of chili fries and tips,neutral,
@MacZombieRawr  I wish I had Left 4 Dead. But first Id need something to play it on...,sadness,
@sillybabyjulie me too,neutral,
@digenis that story reminds of living in Portugal,neutral,
@jhicks  youre diabetic?   so is my dad.  &amp i might be too  not sure.  are you still allowed to eat sugar throughout the day?,neutral,
I spilled my beer all over my leg. Wasted half my beer.  Home now. I met a cute girl. Good conversation.,happiness,
my roommate @tess_tickle loves to ignore me,hate,
@SuperFiasco  Ill make him nachos tomorrow. Better than if he would have made them himself.,neutral,
@MyDailyRoutine yeahhh. &ampdont judge my pillow,neutral,
Scary lightning and thunder  Im glad its over now. Going to sleep  I hope Im not late to school tomorow again. Haha,relief,
my teeth and head hurts,sadness,
I HATE rob zombie movies. &amp the smell of weed. Vommmm.,sadness,
@jcwentz Maths and Science were the strongest for me i think..dunno bout geography  only did like 1 day of study for 1/2 a year of work!,hate,
Waiting in line @ tryst,boredom,
Hope I get a job cuz we need an apartment. Im drunk &amp miss my lil punkin  TEHE!!!,worry,
just got home! not wanting to read the last chaper of breaking dawn cause i dont want it to beover,worry,
I need to be held...  Gnite.,worry,
Hanging out with sam  billy  and veronica. not going to school tomorrow to take sam to body shops. Dang car accidents,worry,
no more arrested development. i am sad.,sadness,
@Giggles_xo  wicked   what time you leaving? how come you cant stay the night,neutral,
omg i keep losing followers this is so sad  i want 90 one day....thats my goal D,sadness,
I feel so deflated. No more doggy.,sadness,
@blood_rain i wanna see her hair  hows everyone?,worry,
I just had to empty my trash on the mac. that was one of THE MOST DIFFICULT things I have ever done in my life. 8 000 pictures are GONE.,sadness,
im contacting PAWS Philippines so i can find &quottiger&quot a new owner. im so sad. i love my dog soo much,sadness,
just got home! not wanting to read the last chaper of breaking dawn cause i dont want it to be over,sadness,
Aww...  Pray for the arroyo family everyone!,worry,
@the_babsi theres a manual process... but its taking 4ever on my outlook database... pffff. crappy msft product,neutral,
Fuuudge. Movie store is closed,sadness,
ALO is so sad and quiet and empty tonight,sadness,
@meganmansyn Hahahaha! Its not horrible  if others were singing with Im sure it could work. I wish I could afford my own drum set,hate,
@wuzzyangel You never answered your DM I sent you....   I need your info...,worry,
Am trying to get through the pilot of the first season of friday night lights. Oh gosh  Pass the tissue...,worry,
@Mona26 Aw where are you headed to? i just cancelled my trip to Aussie,sadness,
I have cystic lacrimal infectection?? my eye and face are swollen and it hurts!!,worry,
@jose3030 I didnt think anyone caught that,worry,
I need to be sleeping.. But im not even tired..,empty,
0,empty,
OH NEVERMIND I THINK THIS THING IS UNSALVAGEABLE,neutral,
lyin in bed  up faaaaar too early,neutral,
Sad that Christian Lacroix had to file bankruptcy,sadness,
I dont feel good AT ALL. fuckkk,sadness,
why did i agree to work a double shift,boredom,
looks like ill never go to the zoo,worry,
@djvinceadams Ohh poor girl  Ill email her... I am relying on you being here in October Mr!!,worry,
When will Medhurst play again?,neutral,
@Moss1982 bad times?,worry,
aarrgghh - fu*k.....a hose has leaked water all over the new floating floor,hate,
Have to go to the dreaded DMV tomorrow,sadness,
@duncm Im a bit Bens Thai-ed out,neutral,
english class! working on interactive orals,happiness,
@SharonHayes Thank you for the rec but that doesnt work,worry,
@dmoneymania  Im sorry. Excited for tomorrow night? Karaoke!! Getting anything special for bday?,neutral,
My puppy Gizmo h8s me..  haha. He still growls @ me.  I always look back @ my long pruple scar on my fingie,worry,
I dont know how ima work out tomorrow wit my body dis sore  ugh,worry,
in 7-11  w/o you,neutral,
@becjee Yeah  plus its just a little too far to walk to Pinocchios for sushi,neutral,
Im feeling this pressure in my head that always kicks in just before a nasty headache. Im not looking forward to this.,worry,
Taylor Swift and Joe Jonas looked really good together. Im kinda sad they broke up.,sadness,
Im suppose to turn in a sentence outline for my research paper within the hour online but my neck hurts.,worry,
Lady across the way had a miscarriage  say a prayer,worry,
God I just want to sleep.,sadness,
@ksutt11 ohhhh thunderstorms...boo  why do they always have to make the power go out??,hate,
I feel so deflated. No more doggy.,worry,
Found my book. Starting a real paper-bound journal tonight. Have an annoying zit above my lip. Makes me look like I have herpes,sadness,
RATT ROCKED NASHVILLE TONITE..ONE THING SUCKED  NO ENCORE!  LIKE IN THE 80S THEY STILL HAVE A FUN SHOW. PEARCY HAS THAT HOTT BAD BOY LOOK,hate,
is feeling bad  just got bad news about my Mum,worry,
@RealBlackWidow But but I dun wanna,sadness,
@imjustlalayone damn girl Im so down but ya gotta let me know so I can get my kit together &amp I got a flyer  Any next weekend? I&quotM DOWN!,sadness,
@JustinOdom dbl booooooo for being sick  flippin blows! ... bahaha i kno i dont have many friends on here either. i feel so lame  haha,sadness,
@brettyrocks thats what i was thinking but the only time its gonna be on is 1 am!,neutral,
Peeps still here. Fun times. Gotta sleep tho. Work in the A.M. Some cool  hot chicks here. But none as cool as ____________. Missing her,neutral,
dont feel like working  I think I tweet this too often!,worry,
feels sick to my stomach and idkk whyy,sadness,
vineri...nimic special sau probabil un alt weekend pierdut...,worry,
Counting the hours of lost sunshine until the Weekend,neutral,
@justintevya - dude i just saw your SF pics. looks like your mini excursion was pretty kick ass! didnt see any sun while i was there tho,surprise,
is home.  safely... but hungry,relief,
@hello_jodie Um  I was thrown from @JareWolfs van yesterday and had to be taken to the ER,sadness,
got to final table  but....went out third.  Dont think Ill be getting my free seat,worry,
good morning work this morning gutted lol nevermind,neutral,
I have to work in the morning while my friends get to party it up.....stupid bberry lite flashing red and I have no messages!,hate,
FB is boring   and i wanna sing RIGHT NOW..! *-*,happiness,
@judyrey  The link doesnt work,sadness,
@Deedubau hahaha I dont know anyone or anything about it except they have powers lol... I live in my own bubble,neutral,
The humpalow um ya I think so... Cell is dying,worry,
Last day at work...Sick to the bone,worry,
i feel like Im on house arrest.,worry,
love is like a war  easy to begin  hard to end..fiuuhh...,neutral,
@heavenjones ur supposed to be in BK tho,surprise,
@cosmiclagoon Did you know that there is a shortage of shells for crabs to use on the beach due to beach combers? It is very sad,worry,
Oh no!  Nighty night.,surprise,
@celldweller Must... have... new music... I wont sleep until you give us Chapter 1... I might die first though...  Hurry!,happiness,
my stupid tooooth hurts,sadness,
@neyoofficial: love the song &quottogether&quot. thats &quothis&quot song for me...well i think its still is,love,
Ready To Go @ School,neutral,
@turnitgrey my computers broken and I broke my laptop so I had to use the phone  ahh still on he cause they fucked up my order.,sadness,
@Richard_Gable Its good isnt it! Our holiday chalet is out of sight but look v similar to those ones. Going home again today,neutral,
Its a sad economy. Just heard of another friend losing their job.  so sad. But just a reminder that...,worry,
@jarekpastor Im just starting to feel really panicky and anxious that something bad has happened cos it seems like its been ages,worry,
my dog ran awayyy,worry,
@all_is_one84 Those suck so bad.,hate,
Im back. top molar extracted  swollen face  all numb.  But no more toothache or sinus pain.,worry,
just finished 8 hours of Texas Life Insurance CE tonight  22 more hours to go,relief,
does anyone know any good rap songs? i need to make a rap/fun cd and i have no idea  helllllpppp,worry,
I want to go to Peru this summer ahhhhhhh! Hopefully! Yesyesyes! I miss it over there!!!,love,
@exortabreedoll what happen to the maids of yours? Quit once again? ...,empty,
Im awake. Anybody else awake? Wish I lived in the US since all the fun happens when Im asleep!,sadness,
At Charles with the power out. LOL! Damn SaveMart lost power and we could not buy beer.,hate,
@Penguin_J heehee. i love you! i am tired.,sadness,
my mobile phone refuses to charge!!  either the battery is broken or the chargerrr ( booooo,worry,
@Kirsten613 oh how i wish you would get her to sign something then send it to me or let me call you when you meet or something,worry,
@kimberly625 hmmm  I thought u were sleeping!! Too bad I cant see those videos until tomorrow night.,worry,
Morning everyone sorry for going early last night had bad news  felt totally crap   Today is a new day,sadness,
went to the beach and it started raining,empty,
how I wish my parents put me into a Chinese school when I was younger. Then  itll be so much easier for me to get a job...,sadness,
@AnthonyLucas @iainfunnell Yeah  physically moving too!  Apparently well be reporting directly to Mr. Hayward...,relief,
@nayRyelgiuQ airport? and you didnt show up tonight homo!,neutral,
@charloro jealous  it looks like schindlers list in toronto,worry,
I want another tatt,enthusiasm,
@avalonabsinthe what?! Come as you are!!! But erock just left  bah D:,neutral,
So  I need to make a lot of money tomorrow,enthusiasm,
@joiskol  being in your room makes me sad.,sadness,
Nearly fell asleep  but was jolted out of bed by a massive panic attack and now Im not sure if I can sleep at all.,worry,
for the gays i only made 200 tonight,neutral,
@CocktailChic oh f*ck! I completely forgot about Thirsty Thursday! oh. my. gaga. this sucks,sadness,
if one people did any wrong  the world blames all the people over there  this is the great world which we are living in!  Shit!,sadness,
@MandyAlwaysKnws nope.  they are all sleeping cuz they live on the east coast.,surprise,
@dravenreborn I bet its cool down in SR  huh? Its not here. I havent stopped sweating since noon when dad and I were packing,neutral,
@meljachin: eww. dislike,sadness,
Tactical mistake: going to the city library and buying milk. Who knew? OUCH OUCH OUCH. Maybe a good thing I didnt try for uni.,worry,
decided 2 trans frm relaxed 2 natural hair but i wish my whole head looked like my roots.  Age of the instant gratification....,neutral,
@SuzyDunkley sorry bout the cat ,sadness,
needs to have an increase on her salary  http://plurk.com/p/wxluu,neutral,
my stomach feels like its touching the ground..im SO full,worry,
Pug just woke me from an incredible sleep!,love,
@ddlovato i can`t wait to hear your new album. i`m sure will be amazing.please just replay to me  i love you so much!!!!,love,
Sooo much work so little time,worry,
missed iron chef,sadness,
@thevowel the DS version sucks,sadness,
what a bad day,sadness,
@lilxamyx08 i know ridiculous! we never got to hang out  i love chicago and want to go shopping... so a trip sounds like fun,enthusiasm,
hates the net. ayaw bumukas ng twitter.  http://plurk.com/p/wxlxs,hate,
Ugh  my internet was down!,worry,
omg i didnt tweet all that much today.... *sadness*,surprise,
is feeling so giddy and wanna go home.,worry,
the week just wasnt the same without an adam lambert performance!!!,neutral,
@rockingjude The link doesnt work,neutral,
Up and packing. Its the last day of youth camp,worry,
GOSSIP GIRL  WHEN ARE YOU COMING BACK  ! chaceeeeeee..,neutral,
Smh @ hiphop nursery rhymes,neutral,
Somebody please save the polar bears!,worry,
@PandaMayhem noooooooooooo i just look at a lot of pictures   lol lol,happiness,
@CrazyBallerina Not really sleepy ...bored is the right word ... again not much work,surprise,
It has come to my attention from a 16yo friend that Ive recently gained a TON of weight. He didnt know it was me.,worry,
guess im staying home tonight...no movie-ing for me,worry,
went to the cd store to search for the cd. But,sadness,
@BuzzEdition reminds me of the weather a month ago it was horrible  I hope all is well hugs,worry,
I miss my mom..  &quotMay angels lead you in&quot,sadness,
theres really no android twitter app of Tweeties calibre,love,
on jacksonville beach walking in the cold Ass water   but have to work in the morning   ily &lt(-)&gt,hate,
@taylor_d No  its not...,neutral,
@chocolovere i feel the same way every day,sadness,
Cant sleep. Sucks. The one day i have to sleep in and i have to get up and go shopping with mom. Ugh.,sadness,
@crunchmonkey78 well i just got home and its not on till tmw at 530p but with comcast its on right now  but i didnt miss it,neutral,
Sleppytime. Really missing my godfather right now. Love you Wayne,sadness,
So have a headache right now and it sucks,sadness,
@JayDz hope ya sleepin well  guys still here,worry,
i should be finished.... but im not.  color drawing  here i come.,fun,
@jwray12 Lakers  baby Lakers!! Ill miss the game tmwr. I have to work  youll have to keep me posted please,sadness,
comfort food of the day: pan mee. though  it didnt taste any good..,sadness,
damn being drunk and hot sucks,worry,
misses my baby.,sadness,
is not sleeping because he has paperwork to do.,worry,
Showered in ice-cold water. Sweating now. Means one thing: Im sick,worry,
midnight cry.. wish the person I wanted  wanted me right now,worry,
@mousebudden Ima need you to follow me real quick cause I cant DM you,neutral,
Im poorly and cant sleep,sadness,
Went to pole class. Feeling discouraged. I am hopeless when it cones to dancing or sexy moves or spreading my legs.,worry,
@RoasterBoy And these poor  unfortunate souls dont appear to have any pants at all...  ? http://blip.fm/~78qvz,worry,
@damohopo @StephanieEllen If I told you how often I wash my hair you would never speak to me again,worry,
Looks like another sleepless night dedicated to homework. Sorry in advance  Ms. Chapman.,worry,
@jessicaduncan http://twitpic.com/662vk -  WHY DO U LOT MOCK ME!!!,worry,
didnt say goodnight to you,worry,
@abguerraartist  I am not a pussy! damnit!  [sending you an e-mail right now btw],hate,
has work tom.,sadness,
In the Hongkong International Airport. Has to wait for 3-4 hours for our next flight to Cebu.,neutral,
Cant sleep and nothings on tv!!,neutral,
The pics I just uploaded are the baby pics of my cats. Missy is now an adult and a pretty little kitty  but Batty is in kitten heaven now,love,
@KallieT oh ... youve been superseeded?  not good enough,neutral,
today we say goodbye to the second good friend in a week from dmp  but at least the sun is shinning and Im definately NOT working this pm,sadness,
fuckinm transtelecom,anger,
is really  really bored... I guess I will go to bed,boredom,
@Syo_of_the_dead I met a stranger just 10 min ago. He was stalking me at the store,worry,
@ModelTheany  tee we beefin....what was u supposed to do before leavin????,surprise,
Sometimes the things you say hurt the ones you love most unintentionally.  And you can never ever take it back or fix it.,sadness,
@nickkk_ that sucks!,sadness,
@dorkydeanna IIII know!!! and mean,neutral,
Having Fever  dont feel to work,sadness,
Taking Horse Pills  hoping I can get some sleep tonight,worry,
@BusyGod PGPM student from where? I myself was a PGPM student about 4 years back. I wish I could stay one,neutral,
missing @MeLDiBiAsE...6 days cant pass quick enough,sadness,
@juliaiiivir Hey! Thats my school! I hate that place.,hate,
Working from home today  my back is killing me  Doctor and then physio after later today.,sadness,
back to work.. with no distractions..,neutral,
@ddlovato demi  just say hi to me and it`s enough. just replay to me please  love you so much!!!,happiness,
awwww  i never noticed this http://bit.ly/RConp,neutral,
@heavyharts that sucks  well state starts tomorrow so im headin 2 bed  nitey nite,neutral,
Looks like its going to be too nice to work today  how annoying as I have no choice,worry,
@mygoldmask did you guys keep a set list? I forgot to ask for one  xx,neutral,
First impression of Silverlight: sadly  based on what I saw today  its quite problematic,neutral,
is desperatly hoping my dad takes me to vanessas game,worry,
@pb_and_jay hi!  Fuck your job!,worry,
Missing you all deeply,sadness,
the time you go to bed   i have to get up to go to work,neutral,
@mrssunshine96 big now!!! Vanessa is going to be 3 in September  its going by so fast!  its hard cuz Im workin so much  I miss out on alot,happiness,
@Ravels sniff sniff  take care ravels! Hopefully well be chatting again soon. In the mean time  Ill HELLA miss you.,sadness,
@miss_cheryl Lucky  now I want to teleport,neutral,
Somebody please save the polar bears!,worry,
My nose is runny  my head is pounding  and teeth hurt like a bitch. MAN. @-) I feel awful.  =((,worry,
I dont want her to leave..,sadness,
Headin home...Refreshed my mind and soul justa lil bit...Bac to reality.,relief,
good lord  just seen the agency work for our upcoming Open Day. Money for Jam,happiness,
wut do i do now????,empty,
Working   But its Fridaaaayyyyy,anger,
At the Grove for Drag Me to Hell. I hope that it doesnt suck.,worry,
@NOLAevol so i feel like shit for saying HAPPY BELATED BIRFDAYY.. im only a month late,worry,
@KaliyahPjones lmao...thats sad  kinda discourages me 4rom goin if the shits wack,sadness,
Got home from work @ 9:45 and JUST finished cleaning. Now I need to eat dinner and dont know what I want!!  Ugh...oh well. Might not eat.,surprise,
@WillyNorthpole I wish I was there,sadness,
I miss my little Batty  she was only 3 months old when she got sick  she was always so fun and full of life &lt3 Even at the very end...,sadness,
FC is finally up again. its about time. i hate that this keeps happening,neutral,
seriously bored without anyone to talk to... but not tired enough for sleep,neutral,
morning again! I hate mornings. So offensive!,sadness,
@keytar still!! give your computer a break omg,neutral,
bed bed bed @samuelasanders do you never answer texts anymore?  I thought of you the other day and sent one but never heard back. Sad day,sadness,
where u at?,neutral,
@brianshead waah. Were no longer your peeps.,sadness,
@angelica_yo LOL wow dawg doesnt sound like youre playing!  I feel bad now haha,sadness,
Extremly deep,surprise,
My little foster kittens are getting big...chubba and Winston are going 2 b missed when they get amazing homes.,happiness,
one week till exam block,enthusiasm,
@Forever_Yours13 Im not at home with my cats right now!,neutral,
hoping i didnt fail english. that would just be sad,worry,
Know what would be great? For my shoulder to stop hurting so I can sleep normal again.  I just want/need a few solid hours of good sleep.,worry,
Lenos last show was tonight.  I like him better than Conan.,neutral,
@MariusLT Im sorry about your bad driving experiences.,sadness,
@monpio i dont have any of that,neutral,
Already misses @CMontecillo,sadness,
plan may changes   nooooooo,hate,
my sister is a douchebag,hate,
@fiercebanana theres relisting fees when you dont complete a sale?  that sucks!,surprise,
@eCheers Random has an a,neutral,
I knew I shouldve worn the SARS mask on the plane from SoCal.. feeling the beginnings of a sore throat,worry,
Gutted that the bathroom still isnt free- early work isnt going to happen  . And I need the loo!,sadness,
@ddlovato july... too long,neutral,
@laurelexmachina awww I wish I could have been there  Im stuck here about to jab out my eyes with knitting needles,worry,
@astynes Me too.  Wonder if Mnet will show it...,surprise,
Wearing glasses gives me a headache.,neutral,
@calvinharris stop talkin about food haha fill like sum nw  hha hows your day goin or starting,enthusiasm,
finished sewing for the night  uploading pictures from slidebar and beach. i cant believe i am having difficulties with twitter!,worry,
thank you @ddlovato (: cant wait!!!! ummm btw ima crash still sick,sadness,
First my work computer  now my home laptop is fucked.,sadness,
#liesgirlstell  a guy calls her phone to see if the number is real ) ohh my phone isnt working . try tomorrow .,worry,
#beer #friday #melbourne #cbd #mtub #mini #cmon Thirsty and lonely ... you buggers are making me feel like a scotty no mates,worry,
@debbylovespr I know. We came back from 22 down in the 1st just to lose the lead in the last 6 minutes.,worry,
gosh... summer vacation is almost over here at the philippines.. kinda sad..  i wonder what section will i be in?,worry,
@shanajaca But @feltbeats is on page 6 at Ms Twitterworld  only 26 votes,neutral,
Im bummed that I cant wear my sweet Nike kicks to work.,worry,
@Pickleybaby - your twitter is broken,worry,
sleep....good night tweeties!!! down to OC tomorrow. I hope and pray that Rachyl gets better SOON!!!,neutral,
@joek949 Its depressing Im stuck inside all day,sadness,
@rachelasha I even saw the news feeds of the archie website. But cant believe hed choose veronica. Im disappointed,worry,
i hate being sick. i miss @cynthiasheree @lucyowns and @larilync,sadness,
@iceweasel im eating sliders at barjohnnys! (theyre pork tho not beef  still on the search...),neutral,
Getting ready for school - second maths test today  also its my last day of 3rd year!! Next week i will officially be in 4th year,happiness,
Woke Up I Wanna Stay In My bed,sadness,
depressed that i wasnt included in the morcom gardens quiz on facebook,worry,
@dravenreborn yeah  its still totally in the high 60s here. soooo notlooking forward to aug and sept up here,worry,
Upsidedown tomato plants died!,sadness,
So deep its priecing my soul,boredom,
@ashleypratt Oh come on!!! You get next week off and I get next week full of exams!,worry,
friday here at last  not much fun when your skint though,neutral,
@vocabularies i know  dont tell anyone  i dont know if my dad told the famz yet. i think im taking it online.,worry,
@ddlovato Caant Iht Be Earlier? ICant Wait That Long.  Ahar. (:,sadness,
Friday yay!! And a bonus  dont have to drive to Wales tonight.  Athough will miss kitten cuddles and going for a ride,happiness,
My children have promised me birthday brekkie in bed. Theres a problem with that in that theres bugger all food in the house,worry,
@RDeRozario woops! I only just realized my DMs to you are not going through,worry,
I dont think I will be able to get out of bed tomorrow morning  we will seeeee!,neutral,
I cant use my blackberry today. This sucks.,surprise,
Q: what studio created Open Season? should google it or look at the dvd downstairs but feeling lazy,enthusiasm,
the times they are a changing,neutral,
@prncsztalia why do you hate me!?,sadness,
time for tv in bed.Then spending all day catching up on studying  i hate online summer classes,hate,
@slickiris video is not available to us foreigners,neutral,
http://twitpic.com/663vr - Wanted to visit the animals but we were too late,sadness,
@prime8507 PC I agree...  We have a problem. We must stop spending and only work!!!,worry,
#jonaswebcast i just missed it!!!!,sadness,
Dang it! I REALLY look like crap!! Sigh only had 35mins to shower and 10mins to get ready,hate,
waiting to get picked up!,neutral,
So exhausted..cant sleep. I dont like these nights,sadness,
im gonna miss all the live Comet action tomorrow! i have to go take care of my cousins and they dont have access to the interwebz,sadness,
lol i cant drink!!,surprise,
if bill compton has wii  why cant he have twitter?,surprise,
@NothinButSin sorry to hear that.,sadness,
Morning Sports day today  and I have to do the three-legged race with @Weefeetfrankie   Mr Pettigrew said Im not aloud to trip her up,worry,
Just found out I cant drink at this bar! Booo missing e1 at palominos! No cheers sad face,sadness,
Cannot sleep. 2+ hours of tossing and turning.,worry,
Omg going to die of swine flu when I go to Melbourne,worry,
Packing  I dont like it..,anger,
@Giggles_xo   dang it  so its not certain ? ? ? are you okay?,neutral,
wishes Dave Gilmour and Roger Waters would re-unite for a Pink Floyd concert,neutral,
finished a whole box of ice cream,sadness,
In 1 horse town + 2 blown out car speakers =,neutral,
Someone make me a cofffeeeeeee......,neutral,
@crispynoodles plus I just deposited tax return cheque but for first time in 7+ years it didnt clear immediately,worry,
Photo: martwo: OMG i love you!!!! i accadentally deleted this photo  yay hes SO beautiful http://tumblr.com/xvd1wankt,love,
@AshleighRyder I knooww  &amp my hot water bottle iss in whangamata without me. ahhhhh,worry,
My nose is stuffy,neutral,
last night in newport,neutral,
@charlieboy808 thanks for the rt and sorry about your new place with the domestics,relief,
Ok  other then my shoe  the club is cool. Its fun  and its poppin except 4 the ppl tryna dance wit me,happiness,
Holy crap! Its raining in LA and I dont have a jacket!  oh no.,worry,
Aright Twitter Fam... guess ima be outties.. gonna try n sleep off some of this horrible pain,neutral,
Baby was not herself after recieving vaccines,neutral,
Wish I could attend E3 this year. But these small events like the NBA and Stanley Cup Finals keep getting in the way.   Work  work  work.,worry,
@o0hemmy lol hi emmy  latin would help me study for the aptitude tests to get into grad school \ thats why i wanna take it,happiness,
@chrisontv88 btw I am not a wimp,sadness,
@kaseypoteet LOL yeah yeah you big perv ) Was hoping to see you next week but scrapped plans,relief,
Rejecting all food substances.,worry,
@bigyahu no I was trying to interview Dr Paul Twomey  CEO of ICANN. Phone issues cut the interview from 30 mins to 15.,worry,
@queenbmakeup i cant add you on myspace girly  it asks for a last name and email,sadness,
back at Vienna (  )  sooo tired  luggage lost  Manchester d been great - very good outcome from Seminar at MBS &amp great people around ...,hate,
@meghanwong dont think i can take a needle. watched a horribly gory short film on drugs a few months ago. im scarred for life.,worry,
I dont wanna go back to work   sleepy time.,sadness,
@jprestonian It feels not good.,worry,
watching The Biggest Loser on Hallmark. Never fails to make me cry  nyeh.,neutral,
@zaharh that sucks!  how old are you actually?,neutral,
Thinking about getting up for work,worry,
Still confuse...,neutral,
I was a very naughty girl tonight. dissappointed with myself,worry,
@rbuerckner Thats better than Missy 8 telling me I should be on The Biggest Loser,worry,
http://bit.ly/3W9w1  NOOOO! he goes for Orlando! OMG  Im gonna CRY!!!!!!!!,sadness,
@MyCakesRock  AAAAAAHHHHHHHH !!!!!  SOOOOOOOO SWEEEEEEET !!!!!!  I miss that age ..... SOOOO MUCH !,surprise,
Just saw a fox!  as i was getting on the freeway... I hope it goes home,surprise,
scratch that sleep on a stage bound.,neutral,
recapping on britains got talent. britain seems more talented than america,surprise,
@officialTila I cnt get it!! its goin to ur old messages?!?  &gt&gt&gt&gt HELP?&lt&lt&lt&lt,neutral,
good time Rocking out @ open mic  thanks 4 all the love n support. Now working on Business plan presentation. No CG again 2nite,love,
@laurelexmachina Swimming is a no go for me,neutral,
@johnpopham Morning John  yes I do  however I have a diary clash and sadly cant attend!,sadness,
I miss my friend,sadness,
@duciaestherine ohh ic ic haha  iyaa my summer is filled with ONE Course that lasts for the whole summer,neutral,
Yea i just saw this really sad commercial,sadness,
Hmmm. Using TinyTwitter on a small non-touch screen is really not much fun,sadness,
@plantweb  Lettuce &amp spinach does best in cool weather.. I live in florida..not much luck growing those..,fun,
@Joshuah_Pearson,neutral,
@IkramShahnawaz Oh I love em  but when I think about the kind of preservatives theyre using to stay &quotjust-baked&quot it kinda makes me sick,love,
@ccburns Unfortunately not,neutral,
@elephantgravy my new lens isnt working. It worked for a bit and now gives an fEE error,worry,
Hates having to sleep alone,sadness,
@emlevins,neutral,
Needs a new phone,empty,
back at school again. almost weekend. oh wait  i gotta work from eight to four tonight,worry,
I loved johnny carson now Im going to hate seeing jay leno go,sadness,
even though everyone wanted to do a newish song and our teacher agreed :S old grumpy doesnt like us happy  haha,sadness,
doing my english essay (on r&ampj...wtf) that i should have done a long time ago when it was assigned last thursday,worry,
@Tiff_Tiff_Marie  I think I do it too much....,worry,
@razitul ya. i was suffering the whole day yesterday. met dentist and feel a bit better. i still look like rocky balboa though,sadness,
@GQbound I didnt end up really eating  had more snacks. sigh,worry,
FINALLY...the internet is up. The server is down in Phoenix and it was fucked up.,surprise,
ups ketauan cabut nih gimana dong,neutral,
@Harishk: @krist0ph3r @saurabh sorry guys i have to drop out of the trip... some personal commitments..,worry,
I didnt get a callback for the play I cried...  oh well I guess its back to being a techie..,sadness,
@UniqueMakis Awesome! Wish I could fly out to see her,happiness,
@lunafactor I kinda wish I went with you now!.. I cant fall asleep,sadness,
@nawid nope  het is LOST&ampfound he -),relief,
At Rocky Cola Diner in Whittier tonight with teacher pal Mr. B  we had a great time chatting but no one else came...,worry,
Off to bed!! Still exhausted from Vegas,neutral,
@heresmyhello92 LOL  very true. Maybe next year. I loooved that siggy  and I dont remember what the password for the mod thing was  Cake?,love,
ummm sooo yeh....its really hard to concentrate rite now wen i have this weird #lupus feeling goin thro my body,worry,
@charleyboorman http://twitpic.com/65623 - OUCH!! That looks so painful,worry,
Took a 4 hour nap after work today and wont be able to sleep all night    This is a bummer,neutral,
@JetWolf I know I enjoy watching you two on twitter. About as entertaining as the comic.  That I miss,fun,
Loving lil ken and absolutely dreading saying goodbye in less than a week,neutral,
@Dakshinamurti Not yet... sorry,sadness,
All I want to do is sit back &amp relax for a little while. How can that be this difficult?!,worry,
@zhenerak I thought I was your best friend?,worry,
HII!! ThatsmeE!! I woke up and I am goinG to SchooL... Why me??,neutral,
FALL ASLEEP ON ME AGAIN  But I know how it feels now LOL. Drag Me To Hell tonight! Quite excited,sadness,
god i cant even catch public transport. swine flu is shit house,worry,
Dad just said that our trip to UK is cancelled  due to da swine flu. Ooops! Sorry abang.,worry,
asks for karma points please.  http://plurk.com/p/wxnt9,neutral,
Hahaha! Alright  ..,love,
@guitar21g @jackie_hussein i have to wake up earlier than i thought.. my dad wants me to take him food at 9AM! no0o0o0o!,hate,
someone take me to LA  I NEED TO SEE THE LEMON TREE,happiness,
um... so I dont think my text msgs have a &quotsubject line&quot ... I fail,sadness,
tummy ache.,sadness,
Math quiz: If Meow =  but Allergies =   then Meow + Allergies = ?,surprise,
wants see my friends  -) http://plurk.com/p/wxnwa,love,
@goddessfleur youre so far away  I dont know what to do....,worry,
L.A. said &quotwipe the slate clean&quot before the jelly!,neutral,
@hiracdelest whos the one always working now?  oh yeah  still me.,happiness,
@seanpercival Unless that invite comes with a beta key Im not going to be much help...,neutral,
@Johnny_Exp not where i live.,neutral,
@askegg Im sorry  Andrew. I wish there was something I could do...,sadness,
as if i finsh work at eleven.. IS THAT EVEN ALLOWD?  cauz i really dont want to.. lol,sadness,
Is ANYBODY up? .... Im sooo bored!,empty,
@AmandaMallard im not at chasetons either  please dont die  my heart will be really sad,sadness,
that was an interesting show to say the least. recap tomorrow. first i must sleep. work in am.,happiness,
@omgjoker o its feels like a hot box and no matter where i go in here it still feels like a hot box! ice cream isnt working n e more,worry,
Very Sad.... please get better Grandma,worry,
@aannniieee uuuugh  i hate everything,worry,
Gosh. Todays weather is HOrriTerrible! Extreme hotness. Im losing a lot of water weight by doing nothing.  - http://tweet.sg,worry,
Is taking a moment to reflect...I want my annonymity back FB!!!!  Is it safe to say anything about someone else to another friend again?,worry,
@pastorpeterko Hey Peter  thanks for the follow. So many Sydney pastors tweet!!! Shame no Bris pastors are on Twitter were behind.,surprise,
@sha_da_asshole  cant im not @ my sister house no -net tonite,neutral,
Damn  hi Facebook ? whats wrong with you ? cant add photos,neutral,
aku kbangun gara2 mimpi @manyolitha  very bad dream,surprise,
4 more followers.. follow me and Ill love you!! *pouts* Please?,neutral,
@alyssainescruz aww. me too  annoying!!! :|,worry,
@textdrivebys i dont even have a WII! b likes xbox  so thats what we have  do you use it?,neutral,
I cant sleep  this is so darn frustrating.,sadness,
@thunder_express i didnt get to see it tonight,neutral,
My BFF rocking Hotel California now. No @NKOTB songs!  done stay the same. Whats next? Hmmm.. Careless whisper!,fun,
@stormyamorette just one of those days where loneliness creeps up on you slaps you in the face.,sadness,
RIP kelly  fucccccck,sadness,
@RockedByPickler well I dont have vacations so lets NOT go there,worry,
I think im being ignored...by my best friend  jake....a) i hate being ignored. b) we all know how things go with him,worry,
@Anna_Viola love it! By the way I didnt end up having time to go this week  Im sooooo sorry! Next week for sure!,love,
2nd to last episode of jay leno  itll never be the same!  nite twitter,neutral,
Not feeling too good,sadness,
Ok. Time to nodd off its gonna be a long day tomorrow. Saying goodbye to my car for good,sadness,
Fakin kisha...just my luck!,neutral,
Taking a nap after work=no sleep right now. The nap felt soooo good but now it seems like a bad idea,worry,
is going home... Ive seriously had enough,worry,
Counting the minutes when my dads g-friend is leaving,enthusiasm,
i miss oklahomaaaaa  listening to citizen cope til i pass out.,sadness,
so tense..so emotional...so not me..,neutral,
@leopardqueen @seekinspiration Have fun! I miss you guys a lot!,enthusiasm,
@skyduke478 that makes me sad for you,worry,
playing the game of watching straight people hook up but cant leave because of another reason,neutral,
@daveg38 yeah work today  never mind only one day then sun sun sun....,neutral,
Feels like im going to cough up a lung,worry,
its funny. im kinda sad on my last day,sadness,
@heresmyhello92 I dont think it was either. But I cant remember it.,neutral,
anyone got JBs live chat vid? i was @ school  I saw joe hug and tackle nick lol,neutral,
Jenny fell asleep and didnt come over,sadness,
@thedailysurvey Why do we love those that we cannot have?,worry,
Wishes you had teased me with movie night,sadness,
I lost 4 followers over night  nobody likes me,worry,
@johneast Ive missed one this year(!). Its the forbidden fruit. Of all the trees in the garden I munch in disappointment on that one.,sadness,
I want a new phone  Ive seen too much cellphone commercials (,worry,
@Anime81  Im soo sad. Its just on the edges of the pages  but its not gonna come out. *cries*,worry,
this time  i really need to shut it.. im going to sleep! my head aches badly and i really cant take it..,worry,
@IvanaE i love it to.. but i knw there gna cut stuff out on tv,sadness,
@soonseeofpred becuz you braggin,neutral,
@JoannaAngel I do  But Im on a strict diet. . . ugh I feel like if i cheat for one day Ill throw everything up.,sadness,
Oh no  hubs is so sick! I hope I dont catch it,worry,
@lawikyn ze Franz has not friended me  i think they think im a creepy stalker or sommat. Hmph.,neutral,
Taking back the HORRIBLE shoes my mum made me get.. urgggh. They are some nasty footwear! Problem is  I cant find any other shoes!,hate,
Ran out of money. I r a sad panda,worry,
And then you find out today they had there first kiss! },neutral,
So Cal Dachshund Rescue found a home for my foster pup  Max. Im soooooo sad to see him leave,sadness,
wow I feel like ish  and I really feel bad because those ignorent aholes wont overturn prop 8,sadness,
off to work now  finish about 9pm  booooo.,sadness,
Wishes you hadnt teased me with movie night,sadness,
@RitikaKar  http://bit.ly/179jxS But gotta wiat till next week  btw...you from Mumbai itself?,worry,
dont know why so tired today  bye  time for beddy,neutral,
intentando intentarlo ONCE AGAIN!,empty,
maybe i should take up drinking again  feel as if i have a  massive hangover  still not  yself today,sadness,
i have a really bad head ache  gonna go to bed i might be back maybe not bye bye,worry,
friends from Travellers Tales held a farewell party for me but I kinda disappointed them that I would still be here until Sep. My fault.,worry,
night 5 not talking to my victor  im so bored at night now. grrrr i hate this shit,hate,
I am going to die tomorrow night.  @emilazy should be here.,enthusiasm,
@syafique ooh maggi goreng. yums. i cant eat  sore throat cmin,neutral,
gonna get off to try and catch some Zs  no more high school after tomorrow! which really sucks  i wish i didnt have to grow up!,hate,
@curligirl morning hon. what you having for breakfast? I cant decide,neutral,
should be sleeping.  lost my voice a couple day ago.,sadness,
did I mention my BF bubbled the WSOP employees event after 12 hrs with AA  Working doubles  now for the next 6 weeks,neutral,
I was too sleepy earlier and i didnt get to see matt,sadness,
big day 2day the xt launch was amazing! so much free stuff thanx 2 the edge and telecom! found the phone i want...cnt afford it yet tho,love,
@bethBABE4 Oh yeah  im the poorest person of all. But i shouldnt joke about that  poor other people,worry,
I just realized I spelled &quotadorable&quot wrong when I tweeted @mindykaling she must hate me now,sadness,
@DellOutletUK But now its gone,neutral,
@janesas_mommy oh  well i hope she gets better,worry,
@jordskkk who are the crew? please dont be me...  i dont think it is but i could be wrong i have been a number of times...,worry,
how to have a glowing face? my complexion is always so pale,sadness,
Downloadfestivals lineup isnt as good as i thought it was. There are some other awesome bands doing the festivals  but missing DL,sadness,
havent watched gossip girl in ageeees ! and need one tree hill season 3 . god im so slow,worry,
@colstewart Youre cycling tho thats good. Healthy eating  Healthy and eating are a contradiction in terms.,relief,
Sooo.....Im kinda o sick n tired of the bs that guys dish out  !!!!!!!!,hate,
@daveockun I hate you   Fleetwood is my favorite band...Im so jealous  ok I still love you haha,love,
So wish the Carlton game was on live  stupid channel 7 lol.,surprise,
Up early again tomorrow... heading to bed now. I keep saying Im going to take a midday nap  but it hasnt happened this week yet...,worry,
ups ketauan cabut sama @gemamalove @chikachilo nih,neutral,
says morning everyone  off to work in 10 mins  http://plurk.com/p/wxom8,empty,
i no i no bt i had only been a gamer for like 2 years when i made that attempt  lol yea i luvd F1 to an extent @yellowshirts,love,
Its 4pm Friday  he left at 6am Thursday.... surely he should be there now,neutral,
@imjustlalayone  Im so sorry .. ya gotta let me know! Ive been booked all week!,worry,
@Sashairene hahaha oh man please come to pomona i would love to see you everyday instead of like once a year if that,happiness,
@letsgeticecream I miss you!  Come to Michigan like now....I cant wait till July,worry,
@talentdmrripley  maybe a good nights sleep for everyone?,neutral,
farrrrr . pdhpe assignment due next week and have english homework !,worry,
forgot his access card in the cartoo lazy to fetch it,worry,
@_erica Yea  its tough to keep it going. Sometimes Im not sure its worth it.,neutral,
@BriannaBanshee such a dissapointment  hhaha,fun,
@4EvaAFanOfPaula hun are you okay? I see alot of your posts your exercising like mad not eating or sleeping,worry,
oh no my tweetdeck is malfunctioning :O il have web will its fixd,sadness,
@ElectraX ...im sorry about you are still sick  u know most of them  AND i know that u will guess the &quotpelzer present&quot -),sadness,
@maliciousmandy1 Adam Samberg + new moon trailor = good evening. Too bad my cable is off as of friday,sadness,
@carrotmadman6 What happened? Im afraid I missed a large part of the story,worry,
Work at 5:45am =,neutral,
@anthothemantho Hell yes. Im too late.,neutral,
Dell FX100 Pc-over-IP audio device (Teradici) is giving me a hard time in #Linux #Ubuntu Jaunty  Kernel isnt loading the snd-hda-intel drv,worry,
Just got my ass kicked in Tripoly lol  I got such bad cards... i suck,sadness,
creeped it up at the ice cream social! good times. lars and the real girl  such a sad movie,fun,
sooo.... Hot in here hufff.....,worry,
closeness or distance? closeness... but now everything seems so distant...,worry,
Annnnnnddd another one bites the dust,sadness,
Ahhhhh! My &quotLet The Right One In&quot DVD broke,worry,
@drewseeley hey i loved ACS but i had to see it online  is not here yet   cant wait to buy it!!! you look amazing there,enthusiasm,
@hisheidi  my thoughts dwell on a certain person,worry,
fml my work uniform is on the washing line,worry,
ohh shit i just realized she still not talking to me  it b like dat some times..,worry,
on my 42nd written fuck.. i get less ideas every day  and every day,sadness,
@MelissaLynnette naw  it doesnt match up LOL and i have no shenanigans to discuss...  but i did do the thing...,worry,
@mayora not this part  unfortunately.,worry,
@soverpeck dude  i didnt know it was a personal experience. sorry something like that went down,worry,
@A_Lay aww well I just randomly woke up and now I cant sleep! Too many things on my mind,worry,
@donperignon me too baby... Miss you,worry,
@ddlovato Since obviously living in Alaska  only a few radio stations we get here.,neutral,
i just murdered two fucking mouses!!! now i cant sleep,hate,
Oh noes.  hey  whats my tatoo say?,neutral,
@astynes I dont have a VCR...,neutral,
@hammett I wish I could have time for my xbox  project all tied,sadness,
all my pancakes always end up soggy.,worry,
4 very big ???zongzi) for lunch  ate more  but not work more.Work less but eat more  what  can I do w/h it? Too useless become.,worry,
sososo bummed  like really bummed  i hate this rain  ruin my date...,hate,
Working late at night on a Dell notebook  Dells quality has gone down hill  warrenty service sucks too  poor people  buy a Mac instead,hate,
Wow. That hurt way worse than i thought it would.,surprise,
Why do none of my thoughts make sense when Im sober?,worry,
@MsAKAtainment I know right  but hopefully something comes up though,neutral,
I cant to sleep and tomorrow i must wake up too early,worry,
@JustDes As it is now  my body has already developed a mind of its own but that mind refuses to co-operate with set schedules,worry,
@claudiuvoicu supposed to be back Sun (via private jet btw#!:o) but mite hav to stay bymyself (thnk god) for another week  &amp want Bruno!,neutral,
And trash repops.  Getting it tomorrow night I suppose.,sadness,
Nursing bruises from motorbike crash on Wednesday night leaving London workplace. The ground is so much harder the older you get,worry,
so bored  i have a headache.,worry,
Huge headache...goodnight!!,neutral,
feels like crap whenever she lays down. @)(1+-$#! I hate heartburn &amp backaches!,sadness,
@katiefreeze I miss you!!!! Its lonely and empty without you!  http://yfrog.com/3o3zxoj,sadness,
@lozzyx NOICE. I realised that after exams I have 2 more weeks  Forgot about the whole 2 weeks of Unit 4 in term 2 thing :/,sadness,
I justwatched like  5 straight episodes of escaped on ID Discovery channel. A guy imprisoned 6 women  killed 2 and cooked them,neutral,
Missing Everyone,sadness,
Should have gone to bed ages ago  damn you tedtalks!  Gotta get up early too,empty,
its only 0.2! Just give me my 3 points!,neutral,
@calvinharris make the most of pork products while you can  theyve fucking stopped importing it here in dubai. bad times,hate,
another build failed! something is not right in the big scheme of things!,worry,
My wife took my last 20  no McDonalds breakfast for me today,worry,
I wish I was going to we love sounds,love,
My sisser is moving tomorrow and of makes me sad  actually I guess technically in a couple of hours since its already Friday.,sadness,
I keep on falling asleep when Im suppose to be awake. I miss my babyy..,worry,
@ryanhalloran why not?,neutral,
On my way to nottingham..I so dont want to be going,worry,
No churchill downs for me tomorrow,surprise,
to Chicago... but why isnt my ride calling me back?,neutral,
K  goodnight! Gotta do Chuck E Cheese tomorrow following kindergarten shots and physical... Bla,neutral,
I need to wake up earlier so Im actually tired enough to fall asleep,worry,
Bahh the police ended the party @ 5!!  Just when i was starting....,surprise,
Ive got to catch the bus to work,neutral,
@wired that is so sad,sadness,
@Jordalynn omg youve never seen the Ring its a creppy ass movie,surprise,
mannnn..... @alllyy_ got an iphone!!! im jealous....,surprise,
@kirstiealley funny u havent showed me any love yet at all,love,
@pegbanditkitty absolutely nothin,neutral,
@AnnetteStatus I luv urs! admitting niley with a kiss (: but then they change their minds  haha &amp demi/sterling (: not jemi but still cute,love,
@ecctv If it makes you feel better I lost 10 overnight cause I posted a picture of a baby,neutral,
is still sick  sigh,sadness,
@bethBABE4 Oh poor beths friend  im not naughty  im just unperfect.,worry,
Josh just called me a big bucket of ugly  wish me luck for my audition tweets!,surprise,
i feel really weird,sadness,
@future_perfect Im trying to self learn photoshop but its not going so well!,surprise,
@BrianLimond Ever seen the tv show Dead Like Me? I died and became a grim reaper. Taking peoples souls after accidents,worry,
@scumm_boy Im sorry  Im thinking about you and hope the week gets better!,neutral,
Steam Punlk fashion show at Anime North and for the first year since TorCon we arent back til @Anticipationsf &amp missed it,worry,
my throat hurts  gonna go read and go to bed. text mee!,sadness,
I am dying to hangout on a Friday afternoon...,worry,
Eh.. its cold,worry,
mannnn..... @alllyy_ got an iphone!!! im jealous....  http://bit.ly/NgnaR,neutral,
fjdskal im really frustrated.,sadness,
@regent_lord Aww  you shouldve YouTubed it.,neutral,
Wondering how come mcdonalds take so long to deliver my food.,sadness,
@desdoulas Ya  the weather has been super weird here. It looked like it was gonna rain today but of course it didnt  darnitt ,surprise,
@kenyaimagine ... much more injustice than we can imagine now. It will get worse before it gets better  I am afraid. No doubt here. Sorry,sadness,
Will miss nostalgia ... everyone please kick tushar,neutral,
Sooo.....Im kind of sick n tired of the bs that guys dish out  !!!!!!!!,sadness,
class color day tomorrow! last time!  I have a lot to remember for tomorrow but I bet Ill forget -_-,worry,
@StarOnMaineSt idk lol my head hurts. rly bad. &amp so does my stomach... hmm... personally  i think its from all the #s ive had 2 deal wit,sadness,
@keytar @badtwin BUT THEY ARE EXPENSIVE.,worry,
WTF facebook just cleared out my whole survey and i was on the last q  this night gets better and better  what else is next?,hate,
says good (or should i say bad?) afternoon!  http://plurk.com/p/wxpdj,neutral,
says Ive got number 10~  getting low~~ http://plurk.com/p/wxpdr,neutral,
Misses his twitastic fwiends,worry,
@Deziree_Divine take my advice lookin through the phone cost me my relationship,worry,
was playing street fighter IV and Seth Raped me,fun,
Its weird being at the guys house without them here. I dont like it,hate,
FUCK wasting deodorant... i aint goin no where... i aint havin company  let me funk it to ya!,surprise,
@summer_eyes I wish I knew!  The curse of Tumblr.,neutral,
what a beautiful day - shame Ive got to spend it in an office,sadness,
I came with a q: &quotany recommended hairdresser? U r full and they suggested me to others  &quot His ego talked and Im in d line,empty,
Business exam tomorrow,neutral,
@WTF_JayR oh  i know how budgeting is.,worry,
Just finished watching the series return of the Chasers War on Everything - really quite crap compared to how it used to be,sadness,
Wow just realized havent checked Twitter since 9am when I saw my to-do list. Good news- got lot done. Bad news-dont know where day went,sadness,
http://twitpic.com/664b7 - miss my bestfriend :( now she left school,sadness,
OUCH! my earphones just shocked me,surprise,
@allyycase Im trying to sleep!!! Its not working,empty,
Tummy hurts,sadness,
back from grimsby  it sucks bein back but was amazin wknd anyway!!,neutral,
farewelling an employee tonight...,sadness,
@allysonalfonso haha  its under 18 :@ so ive got no one to go with  curse none of my friends liking TAI lol,neutral,
Gorgeous weather  but no bike,worry,
Morning all. The water heatings packed up  so i cant have a bath. I REALLY want a bath!,sadness,
@heavenlyriot Girls are confusing.,sadness,
@ lyrically_Me   Why would you do that to me?!,sadness,
@jamasweetie06 see...u shouldnt be comin 4 the city  u should be comin 4 me,love,
Blackout in the city is never good,sadness,
@angelazodiak Aww maybe i traumatized her.,neutral,
@wedplanworkshop . Flights already booked  plus its GGD2 1st birthday. Cant miss that ! especially as we missed GGD1,happiness,
@mrskutcher  Where I live  all the small markets deliver their day-old bread to the food bank  but times are really tough  even for me,hate,
I have drunk hickups. I had a pretty laid back  great night. But I still cant help but be mad about the situation I put myself in,worry,
why do i think i have to take medicine cuz i was laughing to hard?. my head should not be in this much pain. i thought laughter was gud,worry,
Ugh. Too much happened today. I really need a hug,neutral,
boring. i wanna go for taekwando,enthusiasm,
Watching Leno for the second to last time on the Tonight Show,enthusiasm,
@n3rin3 Ur pic is gone,neutral,
My tongue still hurts.  I need to sleep!!!,worry,
how do you twitter?,neutral,
@half_a_mind Chris and I are staying in Glasgow instead cause there is absolutely no accomodation in Edinburgh due to the marathon,sadness,
I cant wait till its Sunday  a new episode of Supernatural but then there are only 6 episodes left now,love,
@JWess awww  ok lol hopefully by than im still here and not back over in the states,neutral,
@t_isfortammy Sad tweets are sad,sadness,
needs a little lie down. not feeling great today. boo,worry,
@djcoombs not at my workplace.   but a short-sleeved shirt is absolutely necessary today!,neutral,
Have decided I just cant stand @GuyKawasakis Alltop spam any longer.,sadness,
its from all that anal sex  i forgot the lube. damn  may need to go to the E.R.,worry,
Playn madden with austin. Im going to miss him..,worry,
i miss rich,sadness,
Headache of the century coming- I can feel it  Fuck.,sadness,
disappointed to know that I got the Silver Award. I want the GOLD award. I hate being second best.,sadness,
PLEASE MAKE THE LIVECHAT ON SATURDAY CUS I HAVE TO GO TO SCHOOL ON WEEKDAYS(5/6 AM here)   @Jonasbrothers,worry,
I want to go back to bed but have a child to look after!  I may sleep all of sunday  my enevitable hangover may require it!,worry,
I just got mad tired so no sex  sleepytime night!,worry,
THIS TWITTER SHIT BORES ME  NOW I C Y I HAVENT BEEN ON HERE IN A MONTH,boredom,
does anyone know how to convert 6 est to Aus time? ROFL xD fucking radio disney,neutral,
home from ice cream tweet-up (my very first tweet-up!) No pics because my camera battery died last night and i forgot to charge it,sadness,
@sakshijuneja ok thats subtly saying im no longer a fave  temme 1 thing - did the firangs steal your vocab? ur eating words and how!,neutral,
@scotty_mcc bye  Scotty!  im gonna miss you. ily&lt333,worry,
New Comment On Jowki:  I wish I had the time to blog more often  http://cli.gs/ZzRe1P,worry,
we can get a temporary tattoo. I would be totally sad if he died.,worry,
@professor12 gray! .... i so feel neglected,worry,
@Desert_Star95 oh so you know how I feel then  Damn representative for bank of america tried to make it sound like I did it. What a b ...,worry,
is tired and cold and runny,worry,
@narain Dun wanna travel all the way there for lunch now. But yeah i have been there. Nice place. Missing Shan-e-Punjab though...,sadness,
Doing a mass cleanout of my room before rearranging it. Just sent mother out to buy me a bin and a bookshelf since mine sucks. Bad mood,hate,
@xMyLifesAStoryx rob got lucky that game he beat me 209-205,sadness,
feeling really sick  watching the fifth element  and about to smoke a cigg. ugh i hate colds!,hate,
Bah I dont think @bings FB fan page will get to 7500,surprise,
someone save me!! i dont want to pack anymore,worry,
home from school had the shitest day today,sadness,
@markiti The sweety sat on the table this morning...Just woke up! Very sweet! Oh...btw...I think ill be home around 7 pm!!!  Xxx,love,
bruise on knee will make it hard to skate tomorrow.,worry,
@hobosexual lol.  When I went to buy my new laptop in Feb.  I already knew  lol  but I looked anyway and walked away sadfaced. :/,sadness,
FYI no internets until THURSTAG!!!! after saturday  i have a feeling i will become 800x more productive during those days.,neutral,
Sitting by myself. Everyone took the good seats.,sadness,
NO FREE WIFI!?!? My vacay is ruined!!!!,worry,
@sfannah Ahhhhh  Well at least Im up to!,sadness,
@mattpro13 Maatt Havent spoken to you in ages dudeee  Dont forget bout ur Aussie fan  ) lool. Love ya xx,love,
@DHughesy ME! oh wait wrong state,sadness,
Its fucking cold here north now! It was like 77 DF yesterday where I was  here its 37 4,surprise,
Are u missing ur frnds ? Hear to &quotManasellaam &quot From Kulir100 Degree movie. Its amazing !!!  Nanbargale - Miss u guys !!!,happiness,
Trying to sleep without any pills... Not working. 3am and wide awake. But now its too late to take them because Ill sleep til 3pm,worry,
Phone will die soon. What to do now? Oh no!,worry,
Sorry was that mean,sadness,
Forgot my power cable at home today,worry,
Dogs eyes seem bad. Just forked out on new washing machine so why not a vets bill to top it off eh?!?!,surprise,
I cant sleep. I cant find my grandmothers quilt or locket. Im sick at myself cause I may have lost them somehow. Or they were stolen,worry,
@ZachMoore1 I thought I was going to see a pic of your clean car,worry,
@hot30 i want to! but im not over 18 and t&ampc says over 18s only  wanna make an exception for me ),worry,
@ingridkerr No  but it does amazing things with keeping all your online conversations in one place... unfortunately that place is Google,worry,
@rscheuer sorry  is only in spanish for the moment,sadness,
@ddlovato Yayyyyyyyyyyy!!!!! but thats sp far away!,worry,
must clear out my DVR... getting rid of it tomorrw.,fun,
Bummed that F! F! F! broke up,hate,
I signed up for an account on a political website so I could post a comment but it isnt working.,neutral,
How Come I Can Never Sleep Past?? Not Good,neutral,
